Company Name,Address,Domain
Century Prime Apartments,"Los Angeles Santa Monica Boulevard, 10534",centuryprimeapartments.com
Stern Property Management,"Missouri Avenue, 10585",sternmanagement.com
Kensington Townhomes,"West Kensington Road, 1075",Unknown Domain
Ashton Towers,"Los Angeles Ashton Avenue, 10930",www.ashtontowers.com
Elleven Lofts,"South Grand Avenue, 1111",http://www.theloftcompanyla.com/elleven
Hartford HealthCare,"Stamford Summer Street, 1177",hartfordhealthcare.org
Evo,"Los Angeles South Grand Avenue, 1155",evohoa.com
Granville Gardens,"Los Angeles Granville Avenue, 1271",Unknown Domain
Bixel at Fifth,"Los Angeles West 5th Street, 1311",www.bixelat5th.com
Abstract 1330,"Los Angeles Federal Avenue, 1330",abstract1330.com
Midvale Towers,"Los Angeles Midvale Avenue, 1441",www.midvaletowers.com
The Finger Building,"North 8th Street, 144",Unknown Domain
The Lofts on La Brea,"Los Angeles North La Brea Avenue, 1616",theloftsonlabrea.com
Nforth,"Brooklyn North 4th Street, 161",Unknown Domain
Kravings,"Los Angeles Ventura Boulevard, 18663",www.kravingsfusion.com
Center For Health Care Rights,"Los Angeles South La Fayette Park Place, 214",healthcarerights.org
Residences at 2211 Camelback,"Phoenix East Camelback Road, 2211",Unknown Domain
The Emerson,"Los Angeles South Grand Avenue, 225",www.related.com
The Kerry,"West 39th Avenue, 2260",Unknown Domain
Century Fox Hills Condominiums,"Los Angeles Fox Hills Drive, 2318",Unknown Domain
"MCI Communications Services, Inc.","None North Glenville Drive, 2400",www.verizon.com
Vintage Flats,"Grote Street, 293",www.vintage-flats.com
"Juárez & Associates, Inc.","Los Angeles National Boulevard, 10909",Unknown Domain
Newport Beach Surgery Center,"Newport Beach Hospital Road, 361",newportbeachsurgerycenter.com
Camp Kingston,"Kingston Saint James Street, 36",www.campkingston.com
DoubleTree by Hilton Hotel Houston - Greenway Plaza,"East Greenway Plaza, 2",hilton.com
Meadow Ridge Apartments,"Davis Cowell Boulevard, 4447",www.meadowridgedavis.com
RIB RANCH BBQ,"Los Angeles Laurel Canyon Boulevard, 4923",Unknown Domain
North8,"North 8th Street, 49",Unknown Domain
KK Fulcher LLC,"Fulcher Avenue, 5536",Unknown Domain
QuikPark,"Los Angeles Vicksburg Avenue, 9821",www.quikparklosangelesairport.com
Catholic Health Physician Partners,"Hempstead Stewart Avenue, 623",catholichealthli.org
650 Kelton Condos,"Los Angeles Kelton Avenue, 650",www.axiomwestwood.com
Avana,"Coquitlam Fairview Street, 678",avan living.ca
Buffalo Wild Wings,"Los Angeles Hollywood Boulevard, 7060",www.buffalowildwings.com
AdvantageCare Physicians,"Hempstead Charles Lindbergh Boulevard, 70",acpny.com
Le Palais Royal Condominiums,"West Hollywood Westmount Drive, 723",Unknown Domain
733 Front,"Front Street, 733",733front-jacksonsquare.com
Laurel Village Apartments,"7500 Laurel Canyon Blvd, Valley Glen, CA 91605, USA",calvogroup.com
Pacific Urban Investors,"California Avenue, 777",pacificurbaninvestors.com
Convene,"New York 7th Avenue, 810",convene.com
Chateau Hilgard,"Los Angeles Hilgard Avenue, 962",www.chateauhilgard.com
WeWork,"West Adams Street, 625",wework.com
Navy Pier,"Chicago East Grand Avenue, 600",navypier.org
McDougal Hardware Center,"Detroit West McNichols Road, 8100",Unknown Domain
Lulu,"Burlington A Street, 12",Unknown Domain
Agua Caliente Casino Cathedral City,"East Palm Canyon Drive, 68960",aguacalientecasinos.com
"Adults & Children with Learning & Developmental Disabilities, Inc.","Oyster Bay South Oyster Bay Road, 807",Unknown Domain
ACLd,"Smithtown Oser Avenue, 305",acld.org
"Adults & Children with Learning & Developmental Disabilities, Inc.","South Oyster Bay Road, 807",Unknown Domain
AC Hotel St. Louis Chesterfield,"Wild Horse Creek Road, 16461",www.marriott.com
Aerospace Museum of California,"None Freedom Park Drive, 3200",Unknown Domain
National Veterans Foundation,"Los Angeles Airport Boulevard, 9841",nvf.org
Storehouse Lofts,"Alameda Saratoga Street, 2350",www.thestorehouselofts.com
"A.L. Jacobsen Funeral Home, Inc","Huntington New York Avenue, 1380",www.jacobsenfuneral.com
"A.L. Jacobsen Funeral Home, Inc","Huntington New York Avenue, 1380",www.jacobsenfuneral.com
Amen Real Estate,"Elvas Avenue, 6313",amenrealestate.com
"Kids Korner Quality CC and Learning Center, Inc.","Los Angeles West Willoughby Avenue, 98054",Unknown Domain
Saddleback Mountain,"Sandy River Saddleback Mountain Road, 976",www.saddlebackmaine.com
Argyle House,"Los Angeles Argyle Avenue, 1755",www.related.com
Artech,"None Northeast 188th Street, 2950",Unknown Domain
Nimitz Elementary School,"Sunnyvale Cheyenne Drive, 545",Unknown Domain
Digital Realty,"Atlanta Forsyth Street Northwest, 10",digitalrealty.com
Avondale Apartments,"Ashford Boulevard, 8301",avondaleapartments.net
Banfield Pet Hospital,"Vancouver Southeast 6th Way, 18101",www.banfield.com
Bard College at Simon's Rock,"Great Barrington Alford Road, 84",simons-rock.edu
Barksdale Dental,"Barksdale Road, 625",barksdaledental.com
Main Street Cafe,"Main Street, 3195",Unknown Domain
Columbia Property Trust,"Franklin Street, 101",Unknown Domain
Beyer Volvo Cars Falls Church,"West Broad Street, 1119",beyervolvocarsfallschurch.com
Bay House,"Miami Northeast 27th Street, 600",bayhousemiami.com
Lake Merritt Plaza,"Oakland Harrison Street, 1999",Unknown Domain
Kaiser Permanente Washington Health Research Institute,"Seattle Minor Avenue, 1730",www.kpwashingtonresearch.org
"LAZ Parking Limited, LLC","Seattle Minor Avenue, 1731",lazparking.com
Beacon Capital Partners,"San Francisco Montgomery Street, 655",beaconcapital.com
"American Airlines, Inc.","None 17th Street, 1200",aa.com
Kings View,"Avenal East Kings Street, 230",www.kingsview.org
Beau Rivage Resort & Casino,"Biloxi Beach Boulevard, 875",beaurivage.mgmresorts.com
Professional Physical Therapy,"Montclair Bloomfield Avenue, 691",professionalpt.com
Bergen County,"East Ridgewood Avenue, 220",Unknown Domain
Hunters Glen Apartments,"U.S. 130, 3001",www.huntersglen.com
University Health,"San Antonio Medical Drive, 4502",uthscsa.edu
Camélia,"Los Angeles Industrial Street, 1850",Unknown Domain
Candlewood Suites,"Sumter Broad Street, 2541",Unknown Domain
Chili's,"Sumter Broad Street, 2505",www.chilis.com
Arby's,"Sumter Broad Street, 1280",arbys.com
Union Rec,"Ann Arbor South Main Street, 545",Unknown Domain
Bob's Red Mill Whole Grain Store & Restaurant,"Southeast International Way, 5000",bobsredmill.com
Boys & Girls Clubs of St. Helena and Calistoga,"Calistoga North Oak Street, 1401",Unknown Domain
Brigham and Women's Hospital,"Boston Fenwood Road, 60",www.brighamandwomens.org
Bri at The Village,"North Records Way, 2233",www.brivillage.com
Walters Auto Service,"West Michigan Avenue, 5617",waltersautoservices.com
Bud & Doug Walters Auto Sales,"South Drake Road, 1600",Unknown Domain
Burbank Village Walk,"Burbank East Angeleno Avenue, 201",Unknown Domain
The Park at Woodbridge Station,"Woodbridge Township Brook Street, 55",theparkwoodbridge.com
Cabrio Properties,"Ann Arbor South Huron Parkway, 2350",cabrioproperties.com
Cadillac of Novi,"Novi Grand River Avenue, 41350",cadillacofnovi.com
Caesars Southern Indiana,"Casino Center Drive Southeast, 11999",www.caesars.com
Calandra's Italian Village,"Bloomfield Avenue, 234",calandrasitalianvillage.com
Caltrans,"Stockton South B Street, 1604",Unknown Domain
California Department of Corrections and Rehabilitation,"Sacramento Old Placerville Road, 10111",www.cdcr.ca.gov
Canyon Oaks Apartments,"Santa Rosa Thomas Lake Harris Drive, 4627",livecanyonoaks.com
Cardinale Volkswagen,"Salinas Auto Center Circle, 500",cardinalevw.com
Cardinale Automotive Group,"Marina Imjin Road, 3239",cardinaleway.com
"100 South Charles Street is associated with various office spaces, including Ferguson, Schetelich, Ballew, P.A.","South Charles Street, 100",Unknown Domain
Carneros Resort and Spa,"Sonoma Highway, 4048",carnerosresort.com
Casino Del Sol,"Tucson West Valencia Road, 5655",www.casinodelsol.com
Detroit Municipal Parking Department,"West Lafayette Boulevard, 1600",detroitmi.gov
California Department of Motor Vehicles,"Ventura Market Street, 4260",Unknown Domain
Barclay Damon,"Syracuse South Warren Street, 352",Unknown Domain
New Jersey Sports and Exposition Authority,"None Meadowlands Plaza, 1",njsea.com
SouthGate Corporate Center,"South Street, 445",Unknown Domain
Common Sense Business Solutions,"Santa Rosa Northpoint Parkway, 2208",commonsensebusinesssolutions.com
US Citizenship & Immigration Services,"Englewood East Weaver Place, 12484",Unknown Domain
Champlain Housing Trust,"Burlington Cambrian Way, 65",www.getahome.org
Balcomo - A Ramada By Wyndham,"Eckhardt Avenue West, 1050",www.pentictonramada.com
City of Waterloo,"Waterloo Regina Street South, 30",Unknown Domain
Davison Area Historical Museum,"Davison East 4th Street, 263",Unknown Domain
Rollaway Lanes & Lounge,"Davison Shoppers Alley, 317",rollawaylanesdavison.com
Davison Area Historical Museum,"Davison East 4th Street, 263",Unknown Domain
Forum Flats Apartments,"Troy Kirts Boulevard, 295",forumflatstroy.com
Somerset Skin Centre,"Troy Kirts Boulevard, 255",www.somersetskincentre.com
Milford Township,"Milford Charter Township Atlantic Street, 1100",Unknown Domain
Novi Public Library,"Novi West 10 Mile Road, 45255",Unknown Domain
Charter Township of Oxford,"Oxford Charter Township Hovey Street, 1",Unknown Domain
Kojaian,"Bloomfield Hills Woodward Avenue, 39400",kojaian.com
Chefs' Warehouse,"Food Center Drive, 240",www.chefswarehouse.com
Chino Hills Ford,"Chino Chino Hills Parkway, 4480",www.chinohillsford.com
Chipper's Lanes,"North College Avenue, 830",www.chipperslanes.com
Chipper's Lanes,"West Horsetooth Road, 217",www.chipperslanes.com
Chippewa Valley Technical College,"Eau Claire Campus Road, 3810",www.cvtc.edu
Pelham Village,"None Beach Channel Drive, 10803",Unknown Domain
City of West Linn,"West Linn Salamo Road, 22500",westlinnoregon.gov
CitiView Terrace Apartments,"Los Angeles Colfax Avenue, 5407",www.citiviewterrace.com
City of Ashland,"Ashland Main Street West, 601",Unknown Domain
City of Augusta,"Cony Street, 16",augustamaine.gov
Schrader-Howell Funeral Home,"Augusta Dickman Street, 8",www.schrader-howell.com
City of Coalinga,"West Durian Avenue, 155",www.coalinga.com
Duluth Police Department,"Duluth Buford Highway, 3276",Unknown Domain
City of Fort Collins,"Laporte Avenue, 300",fcgov.com
Connecticut Institute for Communities,"Main Street, 120",Unknown Domain
Duner's,"None Ivy Street, 202",Unknown Domain
City of San Diego,"San Diego Chesapeake Drive, 9370",Unknown Domain
Sunnyvale Public Works Department,"Sunnyvale Commercial Street, 221",Unknown Domain
The Earl,"Arlington North Hudson Street, 1122",theearlapartments.com
City of Stockbridge Government,"Stockbridge North Henry Boulevard, 4640",Unknown Domain
Beam Global,"San Diego Eastgate Drive, 5660",beamforall.com
City of Colton Public Works Department,"Colton South 10th Street, 160",Unknown Domain
JLL Properties,"Colton Colton Avenue, 501",www.jll.com
City of Colton Public Works Department,"Colton South 10th Street, 160",Unknown Domain
Comerica,"Farmington Hills Corporate Drive, 36455",comerica.com
Comfort Inn,"Guilford Boston Post Road, 300",www.choicehotels.com
Community Foundation for Southern Arizona,"Tucson East Broadway Boulevard, 5049",cfsaz.org
West County Detention Facility,"Richmond Giant Highway, 5555",cocosheriff.org
Youth Service Bureau,"Princeton Township West Peru Street, 1702",Unknown Domain
THE DEVON,"Wilmington Pennsylvania Avenue, 2401",www.thedevonwilmington.com
County of Kauai,"Lihue Rice Street, 4444",www.kauai.gov
Cranbury Buick GMC,"Cranbury Route 130, 2730",www.cranburybuickgmc.com
Florida International University (FIU),"None Dean Drive, 100",fiu.edu
Luca Coney Island,"Van Dyke Avenue, 26631",Unknown Domain
Critz Buick GMC,"Abercorn Street, 7000",critzbuickgmc.com
Smoothie King,"None New Jersey 18, 285",smoothieking.com
Nevada State Board of Optometry,"None Nevada 28, 14",Unknown Domain
Peachtree Orthopedics,"Cumming Ronald Reagan Boulevard, 2860",peachtreeorthopedics.com
El Rescate,"Los Angeles West Olympic Boulevard, 1605",elrescate.org
Smith Plantation,"Roswell Alpharetta Street, 935",Unknown Domain
Dallas County,"Dallas North Riverfront Boulevard, 133",Unknown Domain
Discovery Christian Church,"West 144th Avenue, 2605",discovery-church.org
Detroit Lions,"Republic Drive, 222",Unknown Domain
"San Miguel County, CO",San Miguel -,www.sanmiguelcountyco.gov
Atascadero State Hospital,"Atascadero El Camino Real, 10333",dsh.ca.gov
Ocotillo Wells SVRA,"Borrego Springs California 78, 5172",Unknown Domain
La Quinta Inn & Suites by Wyndham,Thousand Oaks Newbury Park,www.wyndhamhotels.com/laquinta
California Highway Patrol,"Templeton Duncan Road, 101",Unknown Domain
Army National Guard,"Long Beach Redondo Avenue, 2200",Unknown Domain
CPS HR Consulting,"Sacramento Del Paso Road, 2450",www.cpshr.us
California Board of Registered Nursing,"Sacramento North Market Boulevard, 1747",rn.ca.gov
Hungry Valley State Vehicular Recreation Area,Lebec Gold Hill Road,Unknown Domain
Picacho State Recreation Area,Winterhaven Picacho Road,Unknown Domain
Pinto Construction Company,"Buffalo Dingens Street, 132",www.pintocs.com
Domus on the Boulevard,"Mountain View West El Camino Real, 2650",www.liveatdomus.com
Cedar Park Community,"Williams Township Cedar Park Boulevard, 205",www.cedarparkcommunity.com
Easthaven Animal Hospital,"South Huron Parkway, 2140",easthavenanimalhospital.com
Dandy Acres Animal Hospital,"Lyon Charter Township 10 Mile Road, 56560",www.dandyacres.com
Arrive Hollywood,"Hollywood Boulevard, 6201",arrivehollywood.com
The Makers Boulevard™,Oakley 4300 Main Street,www.themakersboulevard.com
The Edgewater,"Madison Wisconsin Place, 1001",theedgewater.com
Lofts at Monroe Parke,"None Spotswood Englishtown Road, 623",edgewoodproperties.com
Eldean Shipyard,"South Shore Drive, 2223",www.eldean.com
El Centro Apartments & Bungalows,"Los Angeles Hollywood Boulevard, 6200",elcentrohollywood.com
Emerald People's Utility District,"Seavey Loop Road, 33733",epud.org
EmpireCLS Worldwide Chauffeured Services,"El Segundo South Allied Way, 600",www.empirecls.com
Empire at Fairfax,"North Fairfax Avenue, 1001",empireatfairfax.com
Encantada Continental Reserve,"Tucson Arizona Pavilions Drive, 6101",www.encantadacontinentalreserve.com
Encantada Steam Pump,"North Oracle Road, 11177",www.encantadasteampump.com
VCA San Carlos Animal Hospital,"San Carlos Industrial Road, 360",vcahospitals.com
Tire Partners of Texas,"Dallas Langdon Road, 4900",www.tirepartnersoftexas.com
Facility Solutions Group,"Mesa South Mulberry, 263",fsg.com
Holtec International,"Evesham Holtec Drive, 1",holtecinternational.com
Cenex,"Barnesville Front Street North, 619",Unknown Domain
S & R Truck Plaza & Café,"Jamestown Business Loop East, 1609",Unknown Domain
Eno River Unitarian Universalist Fellowship,"None Garrett Road, 4907",eruuf.org
The Harrison Apartments,"Newtown Township Paddock Circle, 400",theharrisonmep.com
Eskaton,"Carmichael Manzanita Avenue, 5105",www.eskaton.org
OhioHealth,"John Lucas Drive, 5300",Unknown Domain
VCA San Carlos Animal Hospital,"San Carlos Industrial Road, 360",vcahospitals.com
TerraNova University,"Irvine Whatney, 11",ourterranova.com
VCA San Carlos Animal Hospital,"San Carlos Industrial Road, 360",Unknown Domain
Farmington Sports Arena,"Farmington Executive Drive, 11",fsasports.com
City of Phoenix Water Services Department,"Tolleson South 91st Avenue, 5615",Unknown Domain
Deer Valley Water Treatment Plant,"Phoenix West Dunlap Avenue, 3030",mccarthy.com
Fifteen Fifty,"Mission Street, 1550",relatedcalifornia.com
Strada 234,"Causeway Street, 234",Unknown Domain
Rockhill Management,"Boston Causeway Street, 226",rockhillmanagement.com
STRADA 234,"Causeway Street, 234",Unknown Domain
Flats at Fitz,"None East 14th Place, 13033",fitzgeraldrods.com
Tower 909,"Lake Carolyn Parkway, 909",transwestern.com
Edsel & Eleanor Ford House,"Lake Shore Road, 1100",Unknown Domain
The Otis at Fort Ben,"Otis Avenue, 9310",theotisfortben.com
IronWood Financial LLC,"East Fort Lowell Road, 1926",ironwoodfinancial.com
Fountainbleau Apartments,"Oakland Euclid Avenue, 305",Unknown Domain
Fountainhead Towers,"Ocean City Coastal Highway, 11604",www.fountainheadtowers.com
Gotham Hall,"New York Broadway, 1356",www.gothamhallevents.com
Toyota Place,"None Trask Avenue, 9670",www.toyotaplace.com
Toyota Place,"None Trask Avenue, 9444",toyotaplace.com
General Atomics,"San Diego General Atomics Court, 3550",www.ga.com
Trailer Source,"Salazar Way, 4040",www.trailersourceinc.com
Genesee Polymers Corporation,"South Dort Highway, g4133",www.gpcsilicones.com
Gerber RV Truck & Bus,"Hackensack Burlews Court, 60",gerberrvtruckandbus.com
Burlington,"Burlington - Mount Holly Road, 2015",Unknown Domain
Clarus Glen Ridge,"Glen Ridge Baldwin Street, 277",jmfrentals.com
Watershed Renton,"Renton Williams Avenue South, 625",www.watershedrenton.com
Golden Properties Ltd.,"Vancouver West Hastings Street, 1177",Unknown Domain
Southern Pines,"Southern Pines Southern Pines Reservoir Park Trail, 300",Unknown Domain
Grand Eastonian Hotel & Suites,"Easton Northampton Street, 140",grandeastonian.com
Great Swamp Conservancy,"North Main Street, 8375",www.greatswampconservancy.org
Greene Countrie Village,"Newtown Township Earles Lane, 323",gcv.condos
JBS Trading LLC,"U.S. 20, 7889",Unknown Domain
Orion Office REIT Inc.,"Genesee Turnpike, 810a",Unknown Domain
Greystone Meadows,"Federal Way 1st Avenue South, 31500",www.greystonemeadows.com
Hanon Systems,"Lewis Drive, 39600",www.hanonsystems.com
Haven at Warner Center,"Independence Avenue, 6530",havenatwarner.com
Explore Yoga,"None East Long Lake Road, 1147",www.equinox.com
SPEED,"Division Street, 1125",Unknown Domain
City of San Mateo,San Mateo -,Unknown Domain
Highline Electric Association,"Holyoke South Interocean Avenue, 1300",hea.coop
Ummelina Yakima Valley Spa Retreat,"Yakima East Yakima Avenue, 399",ummelina.com
40 West Arts,"None West Colfax Avenue, 6501",Unknown Domain
Price Chopper,"Overland Park West 151st Street, 7201",www.pricechopper.com
Hoekstra Transportation,"Oliver Drive, 555",hoekstratransportation.com
Holiday Inn Express & Suites Des Moines - Ankeny,"Southeast Hulsizer Drive, 2502",ihg.com
Holiday Inn Plainview-Long Island,"Oyster Bay Sunnyside Boulevard, 215",ihg.com
Hollywood Versailles Tower,"Los Angeles Hollywood Boulevard, 7135",Unknown Domain
Home2 Suites by Hilton,"West Oxnard Street, 21110",www.hilton.com
Greek Peak Mountain Resort,"Virgil Clute Road, 2177",www.greekpeak.net
Amtrak,"Tucson North Toole Avenue, 400",www.amtrak.com
Kimpton Hotel Wilshire,"Los Angeles Wilshire Boulevard, 6317",hotelwilshire.com
Hudson View West,"New York Albany Street, 300",www.westnewyorknj.org
Hunt Street Station,"Hunt Street, 2200",www.huntstreetstation.com
Regus,"North Washington Street, 333",Unknown Domain
Innosphere,"East Vine Drive, 320",innosphereventures.org
Jackson County REMC,"Brownstown Township East Base Road, 274",www.jacksonremc.com
Stonestreet Wines,"California 128, 7111",stonestreetwines.com
Kendall-Jackson Wine Estate & Gardens,"Fulton Road, 5007",kj.com
Jamestown Family Dental Clinic,"Old Blyn Highway, 1033",jamestownfamilydentalclinic.com
Westchester Putnam One-Stop,"Bloomingdale Road, 120",www.westchesterputnamonestop.com
Mililani Shopping Center,"Mililani Kipapa Drive, 95-221",mililanishoppingcenter.com
VCA San Carlos Animal Hospital,"San Carlos Industrial Road, 360",vcahospitals.com
Clarion Hotel Conference Center North,"Newtown Pike, 1950",www.clarionhotellex.com
Revabella Ltd.,"North Hempstead Cuttermill Road, 98",Unknown Domain
Smith's Colonial Motel,"Hancock New York 97, 23085",www.smithscolonialmotel.com
Kiddie Academy of Columbine,"Littleton West Ken Caryl Avenue, 6650",kiddieacademy.com
Keller Williams Heritage,"North Loop 1604 West, 1717",Unknown Domain
Kennedy Wilson,"Beverly Hills South El Camino Drive, 150",www.kennedywilson.com
The Lofts at Kennett Pointe,"Kennett Township East Cypress Street, 660",commonwealthltd.net
Killam Apartment REIT,"Saginaw Parkway, 680",killamreit.com
Riverside Health,"None Gloucester Point Court, 500",riversideonline.com
Hilton Myrtle Beach Resort,"None Beach Club Drive, 10000",Unknown Domain
Cocconi Electric Company,"San Carlos Industrial Road, 370",Unknown Domain
VCA San Carlos Animal Hospital,"San Carlos Industrial Road, 360",vcahospitals.com
Northern New Mexico College,"El Rito New Mexico 554, 1133",nnmc.edu
Questa Visitor Center,"Questa New Mexico 38, 1",Unknown Domain
Questa Public Library,"Questa Municipal Park Road, 6 1/2",Unknown Domain
Citizens Bank,"Ossipee New Hampshire 16, 930",citizensbank.com
Koops Automation Systems,"Holland Productions Court, 987",koops.com
Gillette Stadium,"Foxborough Patriot Place, 1",www.gillettestadium.com
Angels Camp RV & Camping Resort,"Angels Camp Golden Chain Highway, 3069",angelscamprv.com
Closing the Gap Healthcare,"Centre Street North, 395",closingthegap.ca
Larry Spacc GMC,"Dunkirk Vineyard Drive, 4037",www.larryspaccgmc.com
Latitude 37 Apartments,"Squires Circle, 299",latitudelex.com
Delta Air Lines,"Los Angeles World Way, 427",Unknown Domain
The Charlie West Hollywood,"None Santa Monica Boulevard, 7617",thecharlieweho.com
Essence Apartments,"Variel Avenue, 6041",liveatessence.com
Studio 99 Yoga,"Edinboro Road, 11181",www.studio99yoga.com
Russell County Chamber of Commerce,"Russell Springs U.S. 127, 650",Unknown Domain
Liberty Volkswagen,"Cambell Street, 600",liberty-vw.com
Liberty Subaru,"Libertyville Township East Park Avenue, 1000",Unknown Domain
Lighton Plaza,"Overland Park College Boulevard, 7300",www.lightonplaza.com
"West Price Street, LLC","Linden West Price Street, 37",Unknown Domain
Abrazo Health,"North Wilmot Road, 1325",abrazohealth.com
Little River Casino Resort,Manistee Township 2700 Orchard Hwy,www.lrcr.com
Little Tokyo Lofts,"Los Angeles San Pedro Street, 420",theloftcompanyla.com
Port of Long Beach,Long Beach Port of Long Beach,Unknown Domain
Girls 2000,"Wilshire Boulevard, 9016",Unknown Domain
Facebook,"Gateway Boulevard, 7300",Unknown Domain
